{"cameraMode":{"drawMode":0,"name":"Shaded","section":"Shading Mode"},"sceneLighting":false,"audioPlay":false,"sceneViewState":{"showFog":true,"showMaterialUpdate":false,"showSkybox":true,"showFlares":true,"showImageEffects":true,"showParticleSystems":true},"in2DMode":false,"pivot":{"x":22.102270126342775,"y":14.690959930419922,"z":-43.49381637573242},"rotation":{"x":-0.2875600755214691,"y":0.38369959592819216,"z":-0.1270754337310791,"w":-0.8682996034622192},"size":3.47255802154541,"orthographic":false}