{"cameraMode":{"drawMode":0,"name":"Shaded","section":"Shading Mode"},"sceneLighting":false,"audioPlay":false,"sceneViewState":{"showFog":true,"showMaterialUpdate":true,"showSkybox":true,"showFlares":true,"showImageEffects":true,"showParticleSystems":true},"in2DMode":false,"pivot":{"x":0.033584319055080417,"y":9.841529846191407,"z":18.958303451538087},"rotation":{"x":0.6656444668769836,"y":-0.007836591452360154,"z":0.006988599430769682,"w":0.7462073564529419},"size":6.457885265350342,"orthographic":true}