{"cameraMode":{"drawMode":0,"name":"Shaded","section":"Shading Mode"},"sceneLighting":false,"audioPlay":false,"sceneViewState":{"showFog":true,"showMaterialUpdate":true,"showSkybox":true,"showFlares":true,"showImageEffects":true,"showParticleSystems":true},"in2DMode":false,"pivot":{"x":0.8493800163269043,"y":0.13005000352859498,"z":-11.348716735839844},"rotation":{"x":0.7197224497795105,"y":-0.002087752567604184,"z":0.002154943300411105,"w":0.6942682862281799},"size":13.40046215057373,"orthographic":true}