{"cameraMode":{"drawMode":0,"name":"Shaded","section":"Shading Mode"},"sceneLighting":false,"audioPlay":false,"sceneViewState":{"showFog":true,"showMaterialUpdate":true,"showSkybox":true,"showFlares":true,"showImageEffects":true,"showParticleSystems":true},"in2DMode":false,"pivot":{"x":2.890000104904175,"y":0.0,"z":-0.5099999904632568},"rotation":{"x":0.7876010537147522,"y":-0.0018540241289883853,"z":0.0023590403143316509,"w":0.6161956191062927},"size":9.294355392456055,"orthographic":true}