{"cameraMode":{"drawMode":0,"name":"Shaded","section":"Shading Mode"},"sceneLighting":true,"audioPlay":false,"sceneViewState":{"showFog":true,"showMaterialUpdate":true,"showSkybox":true,"showFlares":true,"showImageEffects":true,"showParticleSystems":true},"in2DMode":false,"pivot":{"x":-3.6234748363494875,"y":-37.09859848022461,"z":-18.142606735229493},"rotation":{"x":0.7412305474281311,"y":-0.0010069130221381784,"z":0.0011118244146928192,"w":0.6712536215782166},"size":116.59559631347656,"orthographic":true}