{"cameraMode":{"drawMode":0,"name":"Shaded","section":"Shading Mode"},"sceneLighting":false,"audioPlay":false,"sceneViewState":{"showFog":true,"showMaterialUpdate":true,"showSkybox":true,"showFlares":true,"showImageEffects":true,"showParticleSystems":true},"in2DMode":false,"pivot":{"x":-13.669998168945313,"y":4.312029838562012,"z":-0.3072166442871094},"rotation":{"x":0.7197224497795105,"y":-0.002087752567604184,"z":0.002154943300411105,"w":0.6942682862281799},"size":13.233257293701172,"orthographic":true}