{"cameraMode":{"drawMode":0,"name":"Shaded","section":"Shading Mode"},"sceneLighting":true,"audioPlay":false,"sceneViewState":{"showFog":true,"showMaterialUpdate":false,"showSkybox":true,"showFlares":true,"showImageEffects":true,"showParticleSystems":true},"in2DMode":false,"pivot":{"x":-1.1700515747070313,"y":7.724830627441406,"z":-20.92731285095215},"rotation":{"x":-0.10853812843561173,"y":0.8892450332641602,"z":-0.3457344174385071,"w":-0.27917423844337466},"size":86.1170654296875,"orthographic":false}